{
  "params": {
    "L0": 2.150847577513921,
    "A": 1.3698701977933663,
    "alpha": 0.25988035509575597,
    "B": 150.002466283166,
    "C": 1.5055986575573055,
    "beta": 0.5946474568563855,
    "gamma": 0.6669481975062582
  },
  "optimization": {
    "success": false,
    "status": 1,
    "message": "STOP: TOTAL NO. of ITERATIONS REACHED LIMIT",
    "fun": 0.002363982104341476,
    "nfev": 320,
    "nit": 20
  }
}