{
  "train_avg": {
    "huber": 0.04533023763999184,
    "mse": 0.08046778125879948,
    "rmse": 0.2836684354291106,
    "mae": 0.07932030851580996,
    "prede": 0.020766289901978485,
    "worst": 0.4420183892081091,
    "r2": 0.7237501706127367,
    "log_r2": 0.824752650371172
  },
  "test_avg": {
    "huber": 0.05300651846071229,
    "mse": 0.08186122248884156,
    "rmse": 0.2861138593137831,
    "mae": 0.08936432892446791,
    "prede": 0.024286346372864233,
    "worst": 0.44201657997031807,
    "r2": 0.7117318643990538,
    "log_r2": 0.8050110920940767
  },
  "train_curves": {
    "cosine": {
      "huber": 0.04533023763999184,
      "mse": 0.08046778125879948,
      "rmse": 0.2836684354291106,
      "mae": 0.07932030851580996,
      "prede": 0.020766289901978485,
      "worst": 0.4420183892081091,
      "r2": 0.7237501706127367,
      "log_r2": 0.824752650371172
    }
  },
  "test_curves": {
    "wsd": {
      "huber": 0.05276447445048063,
      "mse": 0.08169736399068879,
      "rmse": 0.28582750740733265,
      "mae": 0.08908614704662447,
      "prede": 0.02418997603189826,
      "worst": 0.44201686821601194,
      "r2": 0.7113822681845874,
      "log_r2": 0.8045516631346
    },
    "811": {
      "huber": 0.05324856247094396,
      "mse": 0.08202508098699435,
      "rmse": 0.28640021122023346,
      "mae": 0.08964251080231135,
      "prede": 0.02438271671383021,
      "worst": 0.44201629172462414,
      "r2": 0.7120814606135201,
      "log_r2": 0.8054705210535534
    }
  }
}