{
  "train": {
    "log_r2": 0.9146539927002334
  },
  "test": {
    "wsd_mape": 1.5503903178727836,
    "811_mape": 1.5766333205718697
  }
}