{
  "train": {
    "log_r2": 0.9129890209290471
  },
  "test": {
    "wsd_mape": 1.4924084781122224,
    "811_mape": 1.4925345563475971
  }
}