{
  "train": {
    "log_r2": 0.905891044839677
  },
  "test": {
    "wsd_mape": 1.5600738299559451,
    "811_mape": 1.599382938590885
  }
}